Timestamp,RaceID,Model,Budget,Prompt,Response
2026-03-30 11:46:06,202509020411,ChatGPT,2000,"あなたは総合競馬予想のスペシャリストです。
以下の3つの異なる視点からの予想結果を分析し、共通項を抽出して最終的な予想と買い目を出力してください。

【3つの視点からの予想結果】
■ 血統重視の予想
### レース見解

今回のレースはスローペースが予想され、瞬発力や決め手が求められる展開になりそうです。血統面に焦点を当て、瞬発力に優れた馬、また適性距離や得意とする馬場に注目しました。

- 父が瞬発力ある産駒を多く出しているキタサンブラックやロードカナロア、ディープインパクトのサラブレッドには注目。
- 母父においても特に芝の中距離で結果を残しているbloodline（ダイワメジャーやハービンジャー）を考慮。
- 特に、母父がルーラーシップやフレンチデピュティのような持久力と持続力に長けた血統が後半の追い込みに力を発揮しそうです。

### 予想と印

1. ◎ **ソールオリエンス**
   - 父がキタサンブラック、母父がMotivatorと、芝中長距離に適した血統。キタサンブラックの産駒は持続力と瞬発力に優れているため、スローペースからの瞬発力比べで有利と判断。

2. ○ **ジャスティンパレス**
   - 父ディープインパクト、母父Royal Anthem。ディープインパクトの血統による鋭い決め手が魅力のうえ、母父の海外経験がタフな展開でも安定感をもたらす。

3. ▲ **ベラジオオペラ**
   - 父ロードカナロア、母父ハービンジャー。父からの瞬発力と母父からの持久力を兼ね備えており、スローペースでの終盤の抜け出しには注目。

4. △ **ヨーホーレイク**
   - 父ディープインパクト、母父フレンチデピュティ。豊富な持久力を生かしてしぶとい伸びを期待できる。スローペースでも終盤の勝負強さは見逃せない。

5. ☆ **ラヴェル**
   - 父キタサンブラック、母父ダイワメジャー。芝2000m前後のレースに好走歴があり、枠順と展開次第では上位を狙える。

今回の予想では、両用の血統を持つ馬が優位に立つと考えました。特に、キタサンブラックやディープインパクトの血を持つ馬は、スローペースからの決め手勝負での強みを活かすと予想されます。

■ 指数・データ重視の予想
## レースの見解

今回のレースはスローペースになる予想であり、瞬発力や決め手を持った馬が有利になる展開が考えられます。全体的に道中で動きが少なく、最後の直線での追い比べが展開の鍵になるでしょう。過去の急加速力や上がりタイムを確認すると、瞬発力勝負をものにできそうな馬が数頭目立ちます。また、近走の馬体重からも調子の上がり具合を判断しました。

## 上位5頭の予想

### ◎ ジャスティンパレス
- **根拠**: 近走のGI戦線で非常に安定したパフォーマンスを見せており、2400m前後での持ちタイムと決め手に優れています。今回の条件下でも瞬発力を活かせる展開になれば有利でしょう。

### ○ ソールオリエンス
- **根拠**: 天皇賞（秋）やジャパンカップでの速い流れでも2分を切るタイムを持っており、スローペースからの瞬発力勝負にも対応可能です。斤量58kgでも問題なく力を発揮できると見ています。

### ▲ ホウオウビスケッツ
- **根拠**: 日刊スポーツ賞中山金杯で1:58.8と好タイムを記録。スローペースでは終いの切れ味が活きそうです。馬体重も502kgと安定しており、調子は良さそうです。

### △ ボルドグフーシュ
- **根拠**: 3200mの天皇賞（春）での高い適性から、長距離からミドルレンジへの対応力を考慮しました。馬体重も510kgと充実期にあり、スムーズに運べれば上位争い可能です。

### ☆ ベラジオオペラ
- **根拠**: 宝塚記念や有馬記念で見せたタフネスは魅力です。調子も良さそうで、末脚の鋭さが活かせれば好走できる可能性があります。ただし、展開に左右されやすい面があるためこの位置としました。

これらの馬を中心に展開の読みと馬場適性に注目することを推奨します。

■ 展開重視の予想
### レースの見解

このレースはスローペースが予想され、牽制しあって落ち着いた流れになる可能性があります。このため瞬発力や決め手のある馬が有利です。明確な逃げ馬がいないため、先行馬がゆったりとしたペースでレースを進められる場合、前残りの展開も考えられます。馬場状態のデータがないため、直前の天候や馬場状態の変化にも注目が必要です。

脚質や枠順は展開に影響を与える重要な要素であり、特にインサイドからスムーズにポジションを取れる馬が有利かもしれません。瞬発力が求められるため、距離短縮や過去のレースで優れた上がりを記録している馬に注目が必要です。

### 上位5頭の予想印と根拠

- ◎ **ホウオウビスケッツ**
  - 根拠: スローペースならば、過去のGIやGIIで好成績を収めた実績が評価されます。また、2000mでの高速決着に対応する力を持ち、このメンバーの中でも優れた瞬発力を発揮できる可能性が高いです。

- ○ **ジャスティンパレス**
  - 根拠: GIやGIIでの実績豊富で、距離延長も問題なくこなせる能力があります。ポジション争いで有利な位置を取れれば、スローペースの展開でも持ち味を活かせるでしょう。

- ▲ **ソールオリエンス**
  - 根拠: 京都記念やジャパンカップでの好成績からも分かる通り、終いの脚がしっかりしています。スローペースだと後ろから差し届くかがカギですが、ここでも一発が期待できる馬です。

- △ **ラヴェル**
  - 根拠: 前走金鯱賞でのパフォーマンスが優れており、2000mでの持ちタイムが良い点を評価します。先行力もあり、前残りの展開でも対処できるでしょう。

- ☆ **ベラジオオペラ**
  - 根拠: 天皇賞（秋）や有馬記念での好走歴があり、安定した実力を持っています。外枠からのスタートとなるため位置取りがポイントですが、終いの一脚に期待です。

このレースは展開予想がスローペースとされ、過去のレースで瞬発力を見せた馬が有利となりそうです。馬券の選び方としては、先行できる馬と切れ味が鋭い馬のバランスを考慮してください。

【最終出力要件】
1. 分析の共通項（どの馬が複数の視点で高く評価されているか、その理由）
2. 最終的な総合予想印（◎, ○, ▲, △, 注, 消）と総合評価の根拠
3. レースの波乱度判定（「堅い」「標準」「荒れる」のいずれか）とその理由
4. 予算2000円の範囲での具体的な買い目（馬券種、組み合わせ（すべて馬番で書くこと）、金額配分）と、その買い方を選んだ理由

【買い目構築ルール】
波乱度の判定に基づき、必ず以下のルールで買い目を構築してください。
・判定が「堅い」場合：上位2頭を軸にした三連複2頭軸流しを提案せよ。
・判定が「標準」場合：馬連4頭BOX（6点）と、それに対応する三連複フォーメーションを提案せよ。
・判定が「荒れる」場合：単勝2点と、その穴馬から上位人気へのワイド流しを提案せよ。
","【分析の共通項】
複数の視点で高く評価されている馬は以下の通りです:

1. **ジャスティンパレス**
   - 血統重視: 父ディープインパクトの鋭い決め手。
   - 指数・データ重視: 近走のGI戦線での安定したパフォーマンスと2400mでの持ちタイムに優れる。
   - 展開重視: GIやGIIでの実績豊富。スローペースにおいても対応可能。

2. **ソールオリエンス**
   - 血統重視: 父キタサンブラックによる持続力と瞬発力。
   - 指数・データ重視: スローペースからの瞬発力勝負に対応可能な実績。
   - 展開重視: 終いの脚力に期待でき、一発が狙える。

3. **ベラジオオペラ**
   - 血統重視: 父ロードカナロアからの瞬発力とタフな競馬での安定感。
   - 指数・データ重視および展開重視: タフネスさと終いの鋭さに評価がある。

【最終的な総合予想印】
- ◎ **ジャスティンパレス**
  - 全視点での評価が高く、特に瞬発力と安定したパフォーマンスが評価される。

- ○ **ソールオリエンス**
  - 瞬発力と持続力を持ち、スローペースからの決め手勝負での強みがある。

- ▲ **ホウオウビスケッツ**
  - 展開重視で評価が高く、過去の実績を考慮してこの位置に選出。

- △ **ベラジオオペラ**
  - タフな競馬での安定感と瞬発力を評価。

- 注 **ラヴェル**
  - スピードと前残りの展開での対応力を考慮。

- 消 **ヨーホーレイク**
  - 他の馬と比較した際に、スローペースでの展開において評価がやや下がる。

【レースの波乱度判定】
- **標準**
  - 複数の馬が有力視されており、大きな波乱は考えにくいが、終盤の瞬発力勝負になることもあり伏兵馬が絡む可能性もある。

【予算2000円の範囲での具体的な買い目】
### 馬連4頭BOX（6点）
- 馬連: 1-2, 1-3, 1-4, 2-3, 2-4, 3-4
  - 各300円 × 6点 = 1800円

### 三連複フォーメーション
- 三連複: ◎-○-▲, ◎-○-△
  - 各100円 × 2点 = 200円

【買い方を選んだ理由】
標準判定から、堅い決着も考えられる中で、展開によっては予想外の馬が絡むことも想定されるため、馬連4頭BOXで万全を期しつつ、三連複フォーメーションでの的中を狙う。この組み合わせにより、的中の可能性を高めつつ、オッズのばらつきによる高配当も視野に入れた構成とした。"
2026-03-30 22:28:10,202509020411,ChatGPT,2000,"あなたは総合競馬予想のスペシャリストです。
以下の3つの異なる視点からの予想結果を分析し、共通項を抽出して最終的な予想と買い目を出力してください。

【3つの視点からの予想結果】
■ 血統重視の予想
【レースの見解】

本レースは、父系ラインや母父の特徴を考慮した血統分析に基づいて予想を立てます。スローペースが予想されるため、瞬発力が問われるレースとなりそうです。このため、短距離から中距離での優れた瞬発力を発揮する血統に着目します。出走馬の中で、これに合致する馬を選定しました。

【上位5頭の予想印とその根拠】

◎ ソールオリエンス
- 父キタサンブラックは、長い距離でのステイヤーとしての能力とスピードを兼ね備えており、母父Motivatorも耐久性の高い血統。スローペースでの瞬発力勝負に持ち込みやすい特性を持っています。

○ ジャスティンパレス
- 父ディープインパクトのスピードとスタミナを受け継ぎ、Royal Anthemの耐久性との相性も良く、中距離戦に適しています。この組み合わせはスローペースでの切れ味勝負にも強いです。

▲ ベラジオオペラ
- 父ロードカナロアは短距離志向、母父ハービンジャーのスタミナを融合し、中距離戦で支配的なパフォーマンスを発揮できる血統背景です。瞬発力勝負においても対応できるでしょう。

△ ホウオウビスケッツ
- 父マインドユアビスケッツはアメリカン血統で瞬発力のあるタイプ、母父ルーラーシップは瞬発力と持続力を提供。スローペースからの瞬発力を活かす競馬が期待されます。

☆ ラヴェル
- 父キタサンブラックの持久力とスタミナ、母父ダイワメジャーのスピードを併せ持つ点で、スローペースからの終い勝負に向いています。

この予想は、血統を重視した観点からの見解です。レース展開や馬場コンディションによっては結果が変わる可能性があるため、それらの情報もあわせて検討してください。

■ 指数・データ重視の予想
## 1. レースの見解

本レースはスローペースが予想され、瞬発力のある馬が有利です。特にここ最近良い成績を収めている馬や、特定距離での安定したパフォーマンスが見られる馬が注目されています。これに加えて、瞬発力が特に試される場面では、仕掛けどころを間違えない騎手の手腕も大きく影響します。また、体重の大幅な増減も見られる馬が数頭おり、その影響がどう出るかも気にかかるところです。

## 2. 上位5頭の予想印と根拠

◎ **ホウオウビスケッツ**  
過去の成績から2000mでの安定感が光ります。2024年天皇賞(秋)での1:57.6のタイムは非常に速く、今回のレース展開ではその実績が活きると考えられます。体重の増減も少なく、安定した調子が伺えます。

○ **ジャスティンパレス**  
こちらも天皇賞(秋)で好走しており、1:57.6のタイムは非常に優れています。近走では馬体重の増加がありますが、それがプラスに働く可能性もあり、十分な力を出せると考えられます。

▲ **ラヴェル**  
チャレンジCでの1:58.2のタイムからも分かるように、持続的に良いパフォーマンスを見せています。今の状態も良好に見え、少しの運があれば上位に食い込む力は十分です。

△ **カラテ**  
少し重めの馬体が懸念材料でしたが、最近の2200mでの実績が上がっており、安定した結果を出しています。特に中山記念での1:45.7のタイムは立派であり注目です。

☆ **ボルドグフーシュ**  
長距離の経験が豊富で、2200mでも力を十分に発揮できる可能性があります。馬体重も安定しており、前残り展開になった際に上位に絡むチャンスがあります。

この予想が有力であることを祈ります。健闘をお祈りします。

■ 展開重視の予想
【レースの見解】
このレースはスローペースの展開が予想されています。明確な逃げ馬が不在なため、前半は各馬が様子を見つつポジションを取ることになりそうです。瞬発力や末脚が求められる展開で、最終的には差し馬や決め手のある馬が有利になります。また、前残りの展開に持ち込める先行馬にも注意が必要です。枠順においては、内枠有利の条件も考慮に入れます。

【上位5頭の予想と根拠】
◎ ジャスティンパレス
- 理由: ジャスティンパレスは過去のGIレースで実績を残しており、終いの脚も速いため瞬発力勝負には向いている。内枠に入ったことから、好位でのレース運びが期待できる。

○ ソールオリエンス
- 理由: キタサンブラック産駒で、長距離適性とスタミナがある。ペースが落ち着いたときにも、自力で抜け出す力があります。

▲ デシエルト
- 理由: デシエルトは距離適性もあり、終いでのしり上がりの脚質。ペースが落ち着くことで自身の末脚を生かすことができる。

△ ステレンボッシュ
- 理由: 近走の結果が安定しており、瞬発力が求められる流れに合っている。前半は中団待機から直線での末脚勝負となりそう。

☆ ベラジオオペラ
- 理由: 状態が良く、GIIでの好成績が多いことから、格上レースでもある程度の競馬ができる。展開に恵まれた時には連下以上の可能性がある。

【最終出力要件】
1. 分析の共通項（どの馬が複数の視点で高く評価されているか、その理由）
2. 最終的な総合予想印（◎, ○, ▲, △, 注, 消）と総合評価の根拠
3. レースの波乱度判定（「堅い」「標準」「荒れる」のいずれか）とその理由
4. 予算2000円の範囲での具体的な買い目（馬券種、組み合わせ（すべて馬番で書くこと）、金額配分）と、その買い方を選んだ理由

【買い目構築ルール】
波乱度の判定に基づき、必ず以下のルールで買い目を構築してください。
・判定が「堅い」場合：上位2頭を軸にした三連複2頭軸流しを提案せよ。
・判定が「標準」場合：馬連4頭BOX（6点）と、それに対応する三連複フォーメーションを提案せよ。
・判定が「荒れる」場合：単勝2点と、その穴馬から上位人気へのワイド流しを提案せよ。
","【分析の共通項】
複数の視点で高く評価されている馬は以下の通りです：
1. **ジャスティンパレス**
   - 血統重視：ディープインパクト産駒としてスローペースでの切れ味勝負に強い。
   - 指数・データ重視：直近の実績と速いタイムが評価されている。
   - 展開重視：好位でのレース運びができ、瞬発力勝負に向いている。

2. **ホウオウビスケッツ**
   - 血統重視：瞬発力のある血統。
   - 指数・データ重視：安定した成績とタイムが評価され、体重変動も少ない。
   - （展開重視には含まれないため、評価の幅は限定的）

【最終的な総合予想印】
- ◎ ジャスティンパレス
  - 各視点で高評価であり、スローペースでの瞬発力勝負に強いと考えられる。
- ○ ソールオリエンス
  - 血統と展開面で評価され、スタミナと瞬発力がある。
- ▲ ホウオウビスケッツ
  - 指数・データ重視で高評価されており、2000mでの安定感も魅力。
- △ ベラジオオペラ
  - 血統と展開重視で評価され、良い状態をキープ。
- 注 ラヴェル
  - 指数・データ重視から、パフォーマンスの良さが評価。

【レースの波乱度判定】
- 判定：「標準」
  - ジャスティンパレスとソールオリエンスが各視点で評価されており、それに続く馬も指標が多いため、波乱は少ないと予測。ただし、展開によっては波があるため「標準」と判断。

【予算2000円での具体的な買い目】
- 馬連4頭BOX（6点）
  - 馬番：ジャスティンパレス、ソールオリエンス、ホウオウビスケッツ、ベラジオオペラ
  - 各100円 x 6点 = 600円

- 三連複フォーメーション
  - 1頭目：ジャスティンパレス
  - 2頭目：ソールオリエンス、ホウオウビスケッツ
  - 3頭目：ソールオリエンス、ホウオウビスケッツ、ベラジオオペラ、ラヴェル
  - 各100円 x 6点 = 600円

- 追加：三連複1頭軸流し
  - 軸：ジャスティンパレス
  - 相手：ソールオリエンス、ホウオウビスケッツ、ベラジオオペラ、ラヴェル
  - 各100円 x 4点 = 400円

合計：1600円（残金は自己管理の範囲とする）

この買い方は、標準波乱度からくる安定感のある上位馬を中心にしながら、取りこぼしを最小限にするためにフォーメーションとBOXの組み合わせを選択しました。"
